numExecute,numTests,typeOperator,typeStatement,mcCabe Compleity,depNestedLoops,Ca,Ce,Instability,LOC,methodAssert,classAssert,Label
1,1,10,2,3,0,0,0,0,16,4,8,survived
4,2,5,1,4,2,2,8,0.8,113,0,3,killed
10,4,6,1,4,2,2,8,0.8,113,1,3,survived
10,4,6,1,4,2,2,8,0.8,113,1,3,killed
21,4,6,1,5,2,2,8,0.8,113,1,3,killed
43,4,6,1,5,2,2,8,0.8,113,1,3,killed
4,2,6,1,4,2,2,8,0.8,113,0,3,killed
6,3,6,1,2,2,2,8,0.8,113,0,3,killed
10,4,14,1,4,2,2,8,0.8,113,1,3,survived
10,4,17,1,4,2,2,8,0.8,113,1,3,survived
10,4,17,1,4,2,2,8,0.8,113,1,3,survived
11,4,17,1,5,2,2,8,0.8,113,1,3,killed
10,4,17,1,5,2,2,8,0.8,113,1,3,killed
20,12,2,3,1,3,1,8,0.89,378,15,65,killed
15,5,5,1,2,3,1,8,0.89,378,26,65,killed
62,21,5,1,5,3,1,8,0.89,378,46,65,killed
61,21,5,1,5,3,1,8,0.89,378,46,65,killed
5,5,5,2,5,3,1,8,0.89,378,3,65,killed
20,1,5,1,14,3,1,8,0.89,378,0,65,killed
58,22,5,1,14,3,1,8,0.89,378,46,65,killed
54,19,5,1,14,3,1,8,0.89,378,46,65,survived
7,2,5,1,14,3,1,8,0.89,378,0,65,survived
4,3,5,1,14,3,1,8,0.89,378,0,65,killed
15,7,6,1,4,3,1,8,0.89,378,14,65,killed
15,7,6,1,4,3,1,8,0.89,378,14,65,killed
15,7,6,1,4,3,1,8,0.89,378,14,65,killed
16,5,6,1,4,3,1,8,0.89,378,11,65,killed
16,5,6,1,4,3,1,8,0.89,378,11,65,killed
16,5,6,1,4,3,1,8,0.89,378,16,65,killed
16,5,6,1,3,3,1,8,0.89,378,16,65,killed
15,15,6,1,3,3,1,8,0.89,378,26,65,killed
2,1,6,2,2,3,1,8,0.89,378,5,65,killed
62,63,6,1,3,3,1,8,0.89,378,46,65,killed
61,61,6,1,3,3,1,8,0.89,378,46,65,killed
10,4,6,1,5,3,1,8,0.89,378,3,65,killed
5,5,6,1,5,3,1,8,0.89,378,6,65,killed
1,1,6,2,1,3,1,8,0.89,378,2,65,killed
66,22,6,1,14,3,1,8,0.89,378,46,65,killed
20,1,6,1,14,3,1,8,0.89,378,0,65,killed
58,22,6,1,14,3,1,8,0.89,378,46,65,killed
54,19,6,1,14,3,1,8,0.89,378,46,65,survived
54,19,6,1,14,3,1,8,0.89,378,46,65,survived
7,2,6,1,14,3,1,8,0.89,378,0,65,survived
7,2,6,1,14,3,1,8,0.89,378,0,65,survived
4,3,6,1,14,3,1,8,0.89,378,0,65,killed
4,4,6,1,5,3,1,8,0.89,378,3,65,killed
4,4,6,1,5,3,1,8,0.89,378,3,65,killed
3,2,6,1,5,3,1,8,0.89,378,3,65,killed
3,2,6,1,5,3,1,8,0.89,378,3,65,survived
2,2,6,1,5,3,1,8,0.89,378,3,65,killed
7,2,6,1,4,3,1,8,0.89,378,8,65,killed
7,2,6,1,4,3,1,8,0.89,378,8,65,killed
11,5,6,1,4,3,1,8,0.89,378,4,65,killed
11,5,6,1,4,3,1,8,0.89,378,4,65,killed
7,5,6,1,4,3,1,8,0.89,378,4,65,killed
1,1,9,3,3,3,1,8,0.89,378,2,65,killed
1,1,10,3,3,3,1,8,0.89,378,2,65,killed
15,7,14,1,4,3,1,8,0.89,378,14,65,killed
16,5,14,1,4,3,1,8,0.89,378,11,65,survived
16,5,14,1,3,3,1,8,0.89,378,16,65,killed
66,22,14,1,14,3,1,8,0.89,378,46,65,killed
20,1,14,1,14,3,1,8,0.89,378,0,65,killed
3,2,14,1,5,3,1,8,0.89,378,3,65,killed
11,5,14,1,4,3,1,8,0.89,378,4,65,survived
16,5,17,1,4,3,1,8,0.89,378,11,65,killed
16,5,17,1,3,3,1,8,0.89,378,16,65,killed
66,22,17,1,14,3,1,8,0.89,378,46,65,killed
3,2,17,1,5,3,1,8,0.89,378,3,65,survived
3,2,17,1,5,3,1,8,0.89,378,3,65,survived
11,5,17,1,4,3,1,8,0.89,378,4,65,killed
7,5,17,2,4,3,1,8,0.89,378,4,65,killed
8,4,2,2,1,3,1,8,0.89,275,5,86,survived
30,15,2,2,3,3,1,8,0.89,275,37,86,survived
18,9,2,2,3,3,1,8,0.89,275,24,86,survived
22,11,2,2,3,3,1,8,0.89,275,29,86,survived
22,11,2,2,3,3,1,8,0.89,275,29,86,survived
22,11,2,2,3,3,1,8,0.89,275,29,86,survived
22,11,2,2,3,3,1,8,0.89,275,29,86,survived
22,11,2,2,3,3,1,8,0.89,275,29,86,survived
6,3,2,2,1,3,1,8,0.89,275,6,86,survived
6,3,2,2,1,3,1,8,0.89,275,9,86,survived
6,3,2,2,1,3,1,8,0.89,275,9,86,survived
2,1,2,2,7,3,1,8,0.89,275,1,86,survived
2,1,2,2,11,3,1,8,0.89,275,5,86,survived
2,1,2,2,11,3,1,8,0.89,275,5,86,survived
2,1,2,2,11,3,1,8,0.89,275,5,86,survived
2,1,2,2,11,3,1,8,0.89,275,5,86,survived
2,1,2,2,11,3,1,8,0.89,275,5,86,survived
2,1,2,2,11,3,1,8,0.89,275,5,86,survived
2,1,2,2,11,3,1,8,0.89,275,5,86,survived
4,1,2,7,11,3,1,8,0.89,275,5,86,survived
2,1,2,2,11,3,1,8,0.89,275,5,86,survived
2,1,2,2,11,3,1,8,0.89,275,5,86,survived
2,1,2,2,11,3,1,8,0.89,275,5,86,survived
2,1,2,2,11,3,1,8,0.89,275,5,86,survived
2,1,2,2,11,3,1,8,0.89,275,5,86,survived
2,1,2,2,11,3,1,8,0.89,275,5,86,survived
2,1,2,2,11,3,1,8,0.89,275,5,86,survived
42,1,2,7,11,3,1,8,0.89,275,5,86,survived
40,1,2,2,11,3,1,8,0.89,275,5,86,survived
40,1,2,2,11,3,1,8,0.89,275,5,86,survived
40,1,2,2,11,3,1,8,0.89,275,5,86,survived
2,1,3,2,7,3,1,8,0.89,275,2,86,survived
4,2,3,2,7,3,1,8,0.89,275,5,86,survived
36,15,5,1,7,3,1,8,0.89,275,32,86,survived
30,13,5,3,7,3,1,8,0.89,275,29,86,survived
4,2,5,1,11,3,1,8,0.89,275,6,86,survived
2,1,5,1,11,3,1,8,0.89,275,5,86,survived
18,9,5,1,7,3,1,8,0.89,275,15,86,survived
24,12,6,1,3,3,1,8,0.89,275,31,86,survived
22,11,6,1,3,3,1,8,0.89,275,29,86,survived
36,15,6,1,7,3,1,8,0.89,275,32,86,survived
10,5,6,1,7,3,1,8,0.89,275,10,86,survived
34,14,6,1,7,3,1,8,0.89,275,31,86,survived
30,13,6,1,7,3,1,8,0.89,275,29,86,survived
30,13,6,1,7,3,1,8,0.89,275,29,86,survived
30,13,6,1,7,3,1,8,0.89,275,29,86,survived
4,2,6,1,11,3,1,8,0.89,275,6,86,survived
8,1,6,1,11,3,1,8,0.89,275,5,86,survived
6,1,6,1,11,3,1,8,0.89,275,5,86,survived
2,1,6,1,11,3,1,8,0.89,275,5,86,survived
2,1,6,1,11,3,1,8,0.89,275,5,86,survived
40,1,6,2,11,3,1,8,0.89,275,5,86,survived
6,0,6,2,2,3,1,8,0.89,275,0,86,survived
76,38,6,1,7,3,1,8,0.89,275,78,86,survived
76,38,6,1,7,3,1,8,0.89,275,78,86,survived
38,19,6,1,7,3,1,8,0.89,275,41,86,survived
18,9,6,1,7,3,1,8,0.89,275,15,86,survived
20,10,6,1,7,3,1,8,0.89,275,26,86,survived
38,19,6,1,7,3,1,8,0.89,275,41,86,survived
38,19,6,1,7,3,1,8,0.89,275,37,86,survived
36,15,14,2,7,3,1,8,0.89,275,32,86,survived
34,14,14,2,7,3,1,8,0.89,275,31,86,survived
30,13,14,3,7,3,1,8,0.89,275,29,86,survived
76,38,14,1,7,3,1,8,0.89,275,78,86,survived
34,14,17,1,7,3,1,8,0.89,275,31,86,survived
30,13,17,1,7,3,1,8,0.89,275,29,86,survived
30,13,17,1,7,3,1,8,0.89,275,29,86,survived
28,12,17,2,7,3,1,8,0.89,275,28,86,survived
2,1,17,1,11,3,1,8,0.89,275,5,86,survived
40,1,17,2,11,3,1,8,0.89,275,5,86,survived
40,1,17,2,11,3,1,8,0.89,275,5,86,survived
76,38,17,1,7,3,1,8,0.89,275,78,86,survived
38,19,17,1,7,3,1,8,0.89,275,41,86,survived
1,1,2,2,10,1,1,7,0.875,100,1,35,killed
1,1,2,2,10,1,1,7,0.875,100,1,35,killed
1,1,2,2,10,1,1,7,0.875,100,1,35,killed
1,1,2,2,10,1,1,7,0.875,100,1,35,killed
1,1,2,2,10,1,1,7,0.875,100,1,35,killed
1,1,2,2,10,1,1,7,0.875,100,1,35,killed
1,1,2,2,10,1,1,7,0.875,100,1,35,killed
1,1,2,2,10,1,1,7,0.875,100,1,35,killed
1,1,2,2,10,1,1,7,0.875,100,1,35,killed
1,1,2,2,10,1,1,7,0.875,100,1,35,killed
1,1,3,2,10,1,1,7,0.875,100,1,35,killed
1,1,4,2,10,1,1,7,0.875,100,1,35,survived
2,1,6,1,10,1,1,7,0.875,100,1,35,killed
1,1,6,1,10,1,1,7,0.875,100,1,35,killed
1,1,6,1,10,1,1,7,0.875,100,1,35,killed
2,1,17,1,10,1,1,7,0.875,100,1,35,killed
2,1,17,1,10,1,1,7,0.875,100,1,35,survived
1,1,17,1,10,1,1,7,0.875,100,1,35,killed
1,1,17,1,10,1,1,7,0.875,100,1,35,survived
1,1,17,1,10,1,1,7,0.875,100,1,35,killed
1,1,17,1,10,1,1,7,0.875,100,1,35,survived
6,3,1,3,1,3,0,2,1,65,3,5,survived
6,6,2,3,1,3,0,2,1,65,3,5,survived
1,1,2,3,1,3,0,2,1,65,1,5,survived
1,1,2,7,1,3,0,2,1,65,1,5,survived
8,4,6,1,2,3,0,2,1,65,4,5,survived
8,4,17,1,2,3,0,2,1,65,4,5,survived
8,4,17,1,2,3,0,2,1,65,4,5,survived
1,1,17,3,1,3,0,2,1,65,1,5,survived
1,1,17,3,1,3,0,2,1,65,1,5,survived
1,1,9,3,3,0,0,0,0,16,1,6,killed
1,1,10,3,3,0,0,0,0,16,1,6,killed
4,2,1,2,4,3,2,21,0.913,895,3,174,survived
4,2,1,2,4,3,2,21,0.913,895,3,174,survived
4,2,1,2,4,3,2,21,0.913,895,3,174,survived
26,11,1,2,4,3,2,21,0.913,895,0,174,survived
6,3,2,2,4,3,2,21,0.913,895,0,174,survived
2,0,2,2,6,3,2,21,0.913,895,0,174,survived
5,1,2,2,18,3,2,21,0.913,895,0,174,survived
5,1,2,2,18,3,2,21,0.913,895,0,174,survived
4,1,2,2,18,3,2,21,0.913,895,0,174,survived
1,1,2,2,6,3,2,21,0.913,895,0,174,survived
1,1,2,1,6,3,2,21,0.913,895,0,174,survived
2,1,2,2,6,3,2,21,0.913,895,0,174,survived
4,2,2,2,4,3,2,21,0.913,895,3,174,survived
4,2,2,2,4,3,2,21,0.913,895,3,174,survived
4,2,2,2,4,3,2,21,0.913,895,3,174,survived
7,3,2,3,1,3,2,21,0.913,895,0,174,survived
26,11,2,2,4,3,2,21,0.913,895,0,174,survived
26,11,2,2,4,3,2,21,0.913,895,0,174,survived
26,11,2,2,4,3,2,21,0.913,895,0,174,survived
41,24,2,2,24,3,2,21,0.913,895,0,174,survived
62,13,2,2,24,3,2,21,0.913,895,0,174,survived
8,1,2,2,24,3,2,21,0.913,895,0,174,survived
6,3,2,2,24,3,2,21,0.913,895,0,174,survived
48,24,2,2,6,3,2,21,0.913,895,0,174,survived
41,24,2,4,6,3,2,21,0.913,895,0,174,survived
1,0,2,2,6,3,2,21,0.913,895,0,174,survived
2,1,2,2,7,3,2,21,0.913,895,0,174,survived
47,22,2,2,3,3,2,21,0.913,895,5,174,survived
2,0,2,2,7,3,2,21,0.913,895,0,174,survived
1,0,2,2,7,3,2,21,0.913,895,0,174,survived
1,1,3,2,6,3,2,21,0.913,895,0,174,survived
1,0,4,2,8,3,2,21,0.913,895,0,174,survived
1,5,4,2,7,3,2,21,0.913,895,1,174,survived
2,2,4,2,7,3,2,21,0.913,895,2,174,survived
265,32,5,1,4,3,2,21,0.913,895,0,174,survived
158,34,5,1,8,3,2,21,0.913,895,6,174,survived
158,34,5,1,8,3,2,21,0.913,895,6,174,survived
2,34,5,1,8,3,2,21,0.913,895,6,174,survived
78,28,5,1,18,3,2,21,0.913,895,0,174,survived
4,24,5,1,24,3,2,21,0.913,895,0,174,survived
31,13,5,1,24,3,2,21,0.913,895,0,174,survived
4,1,5,1,24,3,2,21,0.913,895,0,174,survived
10,3,5,1,24,3,2,21,0.913,895,0,174,survived
12,6,5,1,6,3,2,21,0.913,895,0,174,survived
12,6,5,1,6,3,2,21,0.913,895,0,174,survived
95,27,5,1,7,3,2,21,0.913,895,2,174,survived
44,21,5,1,7,3,2,21,0.913,895,2,174,survived
52,4,5,1,7,3,2,21,0.913,895,0,174,survived
18,0,5,1,7,3,2,21,0.913,895,0,174,survived
3,0,5,1,7,3,2,21,0.913,895,0,174,survived
1,1,5,1,6,3,2,21,0.913,895,0,174,survived
174,32,6,1,4,3,2,21,0.913,895,0,174,survived
174,32,6,1,4,3,2,21,0.913,895,0,174,survived
158,34,6,1,8,3,2,21,0.913,895,6,174,survived
1,0,6,1,8,3,2,21,0.913,895,0,174,survived
158,34,6,1,8,3,2,21,0.913,895,6,174,survived
2,34,6,1,8,3,2,21,0.913,895,6,174,survived
9,6,6,1,8,3,2,21,0.913,895,6,174,survived
9,6,6,1,8,3,2,21,0.913,895,6,174,survived
7,0,6,1,6,3,2,21,0.913,895,0,174,survived
7,0,6,1,6,3,2,21,0.913,895,0,174,survived
7,0,6,1,6,3,2,21,0.913,895,0,174,survived
4,0,6,1,6,3,2,21,0.913,895,0,174,survived
66,23,6,1,18,3,2,21,0.913,895,0,174,survived
78,28,6,1,18,3,2,21,0.913,895,0,174,survived
78,28,6,1,18,3,2,21,0.913,895,0,174,survived
4,2,6,1,18,3,2,21,0.913,895,0,174,survived
11,7,6,1,9,3,2,21,0.913,895,6,174,survived
20,7,6,1,6,3,2,21,0.913,895,0,174,survived
1,1,6,1,6,3,2,21,0.913,895,0,174,survived
11,7,6,1,4,3,2,21,0.913,895,6,174,survived
78,28,6,1,3,3,2,21,0.913,895,0,174,survived
26,11,6,1,4,3,2,21,0.913,895,0,174,survived
26,11,6,1,4,3,2,21,0.913,895,0,174,survived
26,11,6,1,4,3,2,21,0.913,895,0,174,survived
48,24,6,1,24,3,2,21,0.913,895,0,174,survived
40,24,6,1,24,3,2,21,0.913,895,0,174,survived
4,24,6,1,24,3,2,21,0.913,895,0,174,survived
31,13,6,1,24,3,2,21,0.913,895,0,174,survived
31,13,6,1,24,3,2,21,0.913,895,0,174,survived
12,3,6,2,24,3,2,21,0.913,895,0,174,survived
8,3,6,2,24,3,2,21,0.913,895,0,174,survived
4,1,6,1,24,3,2,21,0.913,895,0,174,survived
10,3,6,1,24,3,2,21,0.913,895,0,174,survived
10,3,6,1,24,3,2,21,0.913,895,0,174,survived
31,13,6,1,24,3,2,21,0.913,895,0,174,survived
24,13,6,1,24,3,2,21,0.913,895,0,174,survived
27,10,6,1,5,3,2,21,0.913,895,0,174,survived
26,9,6,1,5,3,2,21,0.913,895,0,174,survived
26,9,6,1,5,3,2,21,0.913,895,0,174,survived
44,21,6,1,6,3,2,21,0.913,895,0,174,survived
21,10,6,1,6,3,2,21,0.913,895,0,174,survived
21,10,6,1,6,3,2,21,0.913,895,0,174,survived
21,10,6,1,6,3,2,21,0.913,895,0,174,survived
4,0,6,4,2,3,2,21,0.913,895,0,174,survived
52,24,6,7,6,3,2,21,0.913,895,0,174,survived
12,6,6,1,6,3,2,21,0.913,895,0,174,survived
12,6,6,1,6,3,2,21,0.913,895,0,174,survived
12,6,6,1,6,3,2,21,0.913,895,0,174,survived
178,33,6,1,2,3,2,21,0.913,895,0,174,survived
100,27,6,7,7,3,2,21,0.913,895,2,174,survived
61,27,6,1,7,3,2,21,0.913,895,2,174,survived
61,27,6,1,7,3,2,21,0.913,895,2,174,survived
58,26,6,1,7,3,2,21,0.913,895,1,174,survived
53,25,6,1,7,3,2,21,0.913,895,0,174,survived
44,22,6,1,3,3,2,21,0.913,895,5,174,survived
95,27,6,1,7,3,2,21,0.913,895,2,174,survived
44,21,6,1,7,3,2,21,0.913,895,2,174,survived
52,4,6,1,7,3,2,21,0.913,895,0,174,survived
54,25,6,1,7,3,2,21,0.913,895,0,174,survived
20,22,6,1,7,3,2,21,0.913,895,0,174,survived
174,0,6,1,7,3,2,21,0.913,895,0,174,survived
18,0,6,1,7,3,2,21,0.913,895,0,174,survived
86,23,6,1,7,3,2,21,0.913,895,2,174,survived
3,0,6,1,7,3,2,21,0.913,895,0,174,survived
53,23,6,1,7,3,2,21,0.913,895,2,174,survived
40,21,6,1,7,3,2,21,0.913,895,2,174,survived
1,1,6,1,4,3,2,21,0.913,895,0,174,survived
1,1,6,1,4,3,2,21,0.913,895,0,174,survived
1,1,6,1,6,3,2,21,0.913,895,0,174,survived
1,0,9,2,3,3,2,21,0.913,895,0,174,survived
3,0,9,2,6,3,2,21,0.913,895,0,174,survived
7,1,9,3,4,3,2,21,0.913,895,3,174,survived
7,1,10,3,4,3,2,21,0.913,895,3,174,survived
265,32,14,1,4,3,2,21,0.913,895,0,174,survived
265,32,14,1,4,3,2,21,0.913,895,0,174,survived
7,0,14,1,6,3,2,21,0.913,895,0,174,survived
4,0,14,1,6,3,2,21,0.913,895,0,174,survived
69,22,14,1,18,3,2,21,0.913,895,0,174,survived
27,7,14,1,6,3,2,21,0.913,895,0,174,survived
27,7,14,1,6,3,2,21,0.913,895,0,174,survived
78,28,14,1,3,3,2,21,0.913,895,0,174,survived
26,11,14,1,4,3,2,21,0.913,895,0,174,survived
31,13,14,2,24,3,2,21,0.913,895,0,174,survived
31,13,14,1,24,3,2,21,0.913,895,0,174,survived
12,3,14,2,24,3,2,21,0.913,895,0,174,survived
12,3,14,2,24,3,2,21,0.913,895,0,174,survived
12,3,14,2,24,3,2,21,0.913,895,0,174,survived
54,25,14,1,7,3,2,21,0.913,895,0,174,survived
3,0,14,1,7,3,2,21,0.913,895,0,174,survived
7,3,16,2,24,3,2,21,0.913,895,0,174,survived
265,32,17,1,4,3,2,21,0.913,895,0,174,survived
265,32,17,1,4,3,2,21,0.913,895,0,174,survived
265,32,17,1,4,3,2,21,0.913,895,0,174,survived
265,32,17,1,4,3,2,21,0.913,895,0,174,survived
9,6,17,1,8,3,2,21,0.913,895,6,174,survived
9,6,17,1,8,3,2,21,0.913,895,6,174,survived
7,0,17,1,6,3,2,21,0.913,895,0,174,survived
7,0,17,1,6,3,2,21,0.913,895,0,174,survived
4,0,17,1,6,3,2,21,0.913,895,0,174,survived
66,23,17,1,18,3,2,21,0.913,895,0,174,survived
5,1,17,2,18,3,2,21,0.913,895,0,174,survived
5,1,17,2,18,3,2,21,0.913,895,0,174,survived
20,7,17,1,6,3,2,21,0.913,895,0,174,survived
20,7,17,1,6,3,2,21,0.913,895,0,174,survived
27,7,17,1,6,3,2,21,0.913,895,0,174,survived
7,2,17,2,6,3,2,21,0.913,895,0,174,survived
7,2,17,2,6,3,2,21,0.913,895,0,174,survived
1,1,17,1,6,3,2,21,0.913,895,0,174,survived
1,1,17,2,6,3,2,21,0.913,895,0,174,survived
1,1,17,2,6,3,2,21,0.913,895,0,174,survived
38,7,17,2,6,3,2,21,0.913,895,0,174,survived
25,7,17,3,6,3,2,21,0.913,895,0,174,survived
11,7,17,1,4,3,2,21,0.913,895,6,174,survived
11,7,17,1,4,3,2,21,0.913,895,6,174,survived
21,10,17,1,6,3,2,21,0.913,895,0,174,survived
54,25,17,1,7,3,2,21,0.913,895,0,174,survived
20,22,17,1,7,3,2,21,0.913,895,0,174,survived
20,22,17,1,7,3,2,21,0.913,895,0,174,survived
101,33,18,2,3,3,2,21,0.913,895,0,174,survived
6,2,20,1,6,3,2,21,0.913,895,0,174,survived
6,2,20,1,6,3,2,21,0.913,895,0,174,survived
4,2,20,2,4,3,2,21,0.913,895,3,174,survived
26,11,20,2,4,3,2,21,0.913,895,0,174,survived
24,13,20,2,24,3,2,21,0.913,895,0,174,survived
4,1,2,2,3,1,0,9,1,422,2,20,survived
1,1,2,2,6,1,0,9,1,422,3,20,survived
1,1,2,2,6,1,0,9,1,422,3,20,survived
5,7,3,2,8,1,0,9,1,422,15,20,survived
5,7,3,2,8,1,0,9,1,422,15,20,survived
9,8,6,1,2,1,0,9,1,422,17,20,survived
13,8,6,1,8,1,0,9,1,422,17,20,survived
11,7,6,1,8,1,0,9,1,422,15,20,survived
5,7,6,1,8,1,0,9,1,422,15,20,survived
2,6,6,1,8,1,0,9,1,422,13,20,survived
1,1,6,1,3,1,0,9,1,422,3,20,survived
1,1,6,1,3,1,0,9,1,422,3,20,survived
1,1,6,1,6,1,0,9,1,422,3,20,survived
2,1,2,2,1,1,0,2,1,92,2,12,survived
4,1,2,2,1,1,0,2,1,92,2,12,survived
8,2,2,2,1,1,0,2,1,92,4,12,survived
4,1,2,2,1,1,0,2,1,92,2,12,survived
4,2,6,1,9,1,0,2,1,92,2,12,survived
4,2,6,1,9,1,0,2,1,92,2,12,survived
4,2,6,1,9,1,0,2,1,92,2,12,survived
18,2,6,1,9,1,0,2,1,92,2,12,survived
14,2,6,1,9,1,0,2,1,92,2,12,survived
14,2,6,1,9,1,0,2,1,92,2,12,survived
4,2,6,1,9,1,0,2,1,92,2,12,survived
6,3,14,3,1,1,0,2,1,92,6,12,survived
2,1,14,2,1,1,0,2,1,92,2,12,survived
4,2,17,1,9,1,0,2,1,92,2,12,survived
4,2,17,1,9,1,0,2,1,92,2,12,survived
4,1,2,2,2,0,0,1,1,121,2,22,survived
2,2,2,2,3,0,0,1,1,121,4,22,survived
2,1,2,2,3,0,0,1,1,121,2,22,survived
6,2,6,1,2,0,0,1,1,121,4,22,survived
4,3,6,1,3,0,0,1,1,121,6,22,survived
6,3,6,1,3,0,0,1,1,121,6,22,survived
6,3,6,1,2,0,0,1,1,121,6,22,survived
2,1,2,2,4,1,4,0,0,171,3,39,survived
3,2,2,2,10,1,4,0,0,171,20,39,survived
6,3,5,1,7,1,4,0,0,171,16,39,survived
5,2,5,1,7,1,4,0,0,171,13,39,survived
3,1,5,1,4,1,4,0,0,171,3,39,survived
3,1,5,1,4,1,4,0,0,171,3,39,survived
1,1,5,1,2,1,4,0,0,171,1,39,survived
58,7,6,1,2,1,4,0,0,171,35,39,survived
6,3,6,1,7,1,4,0,0,171,16,39,survived
7,3,6,1,7,1,4,0,0,171,16,39,survived
7,3,6,1,7,1,4,0,0,171,16,39,survived
6,3,6,1,7,1,4,0,0,171,16,39,survived
5,2,6,1,7,1,4,0,0,171,13,39,survived
5,1,6,1,4,1,4,0,0,171,3,39,survived
3,1,6,1,4,1,4,0,0,171,3,39,survived
3,1,6,1,4,1,4,0,0,171,3,39,survived
21,8,6,1,2,1,4,0,0,171,38,39,survived
57,6,6,1,10,1,4,0,0,171,34,39,survived
25,3,6,1,10,1,4,0,0,171,23,39,survived
35,8,6,1,2,1,4,0,0,171,38,39,survived
12,8,6,1,4,1,4,0,0,171,38,39,survived
2,1,6,1,4,1,4,0,0,171,4,39,survived
1,1,6,1,2,1,4,0,0,171,1,39,survived
1,1,6,1,2,1,4,0,0,171,1,39,survived
1,0,9,3,3,1,4,0,0,171,0,39,survived
18,2,9,2,10,1,4,0,0,171,20,39,survived
1,0,10,2,3,1,4,0,0,171,0,39,survived
1,0,10,3,3,1,4,0,0,171,0,39,survived
7,3,14,1,7,1,4,0,0,171,16,39,survived
1,1,18,2,1,1,4,0,0,171,3,39,survived
21,8,18,2,2,1,4,0,0,171,38,39,survived
2,1,18,2,3,1,4,0,0,171,10,39,survived
28,6,1,1,2,4,0,17,1,276,8,26,survived
28,6,1,1,2,4,0,17,1,276,8,26,survived
58,6,1,1,2,4,0,17,1,276,8,26,survived
28,6,2,1,2,4,0,17,1,276,8,26,survived
28,6,2,1,2,4,0,17,1,276,8,26,survived
58,6,2,1,2,4,0,17,1,276,8,26,survived
22,4,2,2,2,4,0,17,1,276,3,26,survived
16,5,5,1,2,4,0,17,1,276,5,26,survived
28,6,6,1,2,4,0,17,1,276,8,26,survived
10,5,6,1,3,4,0,17,1,276,5,26,survived
10,5,6,1,3,4,0,17,1,276,5,26,survived
58,6,6,1,2,4,0,17,1,276,8,26,survived
16,5,6,1,2,4,0,17,1,276,5,26,survived
2,1,9,3,3,4,0,17,1,276,3,26,survived
2,1,10,3,3,4,0,17,1,276,3,26,survived
28,6,17,1,2,4,0,17,1,276,8,26,survived
58,6,17,1,2,4,0,17,1,276,8,26,survived
58,6,17,1,2,4,0,17,1,276,8,26,survived
22,4,20,2,2,4,0,17,1,276,5,26,survived
4,2,2,2,8,0,1,5,0.833,60,15,27,survived
10,5,5,1,8,0,1,5,0.833,60,27,27,survived
10,5,6,1,8,0,1,5,0.833,60,27,27,survived
10,5,6,1,8,0,1,5,0.833,60,27,27,survived
10,5,6,1,8,0,1,5,0.833,60,27,27,survived
10,5,6,1,8,0,1,5,0.833,60,27,27,survived
4,2,6,1,8,0,1,5,0.833,60,15,27,survived
6,3,6,1,8,0,1,5,0.833,60,12,27,survived
10,5,14,1,8,0,1,5,0.833,60,27,27,survived
4,2,14,1,8,0,1,5,0.833,60,15,27,survived
20,1,1,1,4,1,0,1,1,65,4,18,survived
6,3,2,2,2,1,0,1,1,65,6,18,survived
4,2,2,2,1,1,0,1,1,65,4,18,survived
6,2,2,2,2,1,0,1,1,65,6,18,survived
4,2,2,2,1,1,0,1,1,65,4,18,survived
2,1,2,2,4,1,0,1,1,65,4,18,survived
20,1,2,1,4,1,0,1,1,65,4,18,survived
20,1,2,2,4,1,0,1,1,65,4,18,survived
2,1,3,2,2,1,0,1,1,65,4,18,survived
2,1,5,1,4,1,0,1,1,65,4,18,survived
14,6,6,1,2,1,0,1,1,65,14,18,survived
6,2,6,1,2,1,0,1,1,65,6,18,survived
2,1,6,1,4,1,0,1,1,65,4,18,survived
20,1,6,1,4,1,0,1,1,65,4,18,survived
20,1,17,1,4,1,0,1,1,65,4,18,survived
20,1,20,2,4,1,0,1,1,65,4,18,survived
20,1,20,2,4,1,0,1,1,65,4,18,survived
36,1,30,3,12,3,1,13,0.928,877,1,1,killed
36,1,26,1,12,3,1,13,0.928,877,1,1,killed
36,1,26,1,12,3,1,13,0.928,877,1,1,killed
36,1,27,1,12,3,1,13,0.928,877,1,1,killed
36,1,30,3,12,3,1,13,0.928,877,1,1,killed
36,1,29,1,12,3,1,13,0.928,877,1,1,survived
36,1,26,1,12,3,1,13,0.928,877,1,1,survived
36,1,29,1,12,3,1,13,0.928,877,1,1,survived
36,1,26,1,12,3,1,13,0.928,877,1,1,survived
14,1,20,2,3,6,2,12,0.857,518,2,2,killed
14,1,20,2,3,6,2,12,0.857,518,2,2,killed
14,1,20,2,3,6,2,12,0.857,518,2,2,killed
14,1,20,2,3,6,2,12,0.857,518,2,2,killed
2,1,1,1,2,5,0,30,1,1318,2,3,survived
1,1,1,1,20,5,0,30,1,1318,2,3,killed
2,1,2,1,2,5,0,30,1,1318,2,3,survived
7,1,2,1,20,5,0,30,1,1318,2,3,survived
2,1,2,2,20,5,0,30,1,1318,2,3,survived
1,1,2,1,20,5,0,30,1,1318,2,3,killed
3,0,6,1,12,5,0,30,1,1318,0,3,survived
1,1,6,1,4,5,0,30,1,1318,1,3,killed
1,1,6,1,4,5,0,30,1,1318,1,3,killed
2,1,6,1,2,5,0,30,1,1318,2,3,survived
2,1,6,1,6,5,0,30,1,1318,2,3,killed
2,1,6,1,6,5,0,30,1,1318,2,3,killed
8,1,6,5,20,5,0,30,1,1318,2,3,survived
8,1,6,5,20,5,0,30,1,1318,2,3,survived
8,1,6,5,20,5,0,30,1,1318,2,3,survived
7,1,6,1,20,5,0,30,1,1318,2,3,survived
7,1,6,1,20,5,0,30,1,1318,2,3,killed
1,1,6,1,20,5,0,30,1,1318,2,3,killed
1,1,6,1,20,5,0,30,1,1318,2,3,killed
1,1,6,1,20,5,0,30,1,1318,2,3,killed
6,1,6,1,20,5,0,30,1,1318,2,3,survived
2,1,6,1,20,5,0,30,1,1318,2,3,killed
8,1,6,1,20,5,0,30,1,1318,2,3,survived
6,1,6,1,20,5,0,30,1,1318,2,3,killed
2,0,6,1,20,5,0,30,1,1318,0,3,survived
8,1,6,1,6,5,0,30,1,1318,2,3,survived
8,1,6,1,6,5,0,30,1,1318,2,3,survived
8,1,6,1,6,5,0,30,1,1318,2,3,survived
3959,3,29,1,7,1,3,0,8,251,3,9,killed
3959,3,29,1,7,1,3,0,8,251,3,9,killed
4,1,26,1,3,1,3,0,8,251,0,9,killed
1,1,21,2,8,1,3,0,8,251,0,9,killed
1,1,21,2,8,1,3,0,8,251,1,9,killed
1,1,21,2,8,1,3,0,8,251,1,9,killed
3,3,29,1,3,1,3,0,8,251,3,9,killed
4,3,31,1,7,1,3,0,8,251,3,9,killed
4,3,31,1,7,1,3,0,8,251,3,9,killed
4,3,29,1,7,1,3,0,8,251,3,9,killed
4,3,29,1,7,1,3,0,8,251,3,9,killed
4,3,31,1,7,1,3,0,8,251,3,9,killed
4,3,31,1,7,1,3,0,8,251,3,9,killed
4,1,26,1,3,1,3,0,8,251,0,9,survived
3910,2,29,1,8,1,3,0,8,251,2,9,survived
2,2,29,1,8,1,3,0,8,251,2,9,survived
3,3,29,1,3,1,3,0,8,251,3,9,survived
716,3,6,1,3,1,0,3,1,42,1,5,survived
2,2,6,1,2,1,0,3,1,42,2,5,survived
716,3,17,1,3,1,0,3,1,42,1,5,survived
2,2,17,1,2,1,0,3,1,42,2,5,survived
2,2,17,2,2,1,0,3,1,42,2,5,survived
716,3,29,1,3,1,0,3,1,42,1,5,killed
716,3,29,1,3,1,0,3,1,42,1,5,killed
716,3,26,1,3,1,0,3,1,42,1,5,killed
716,3,26,1,3,1,0,3,1,42,1,5,killed
716,3,26,1,3,1,0,3,1,42,1,5,killed
716,3,26,1,3,1,0,3,1,42,1,5,killed
716,3,26,1,3,1,0,3,1,42,1,5,killed
2,2,29,1,2,1,0,3,1,42,2,5,killed
2,2,26,1,2,1,0,3,1,42,2,5,killed
2,2,26,1,2,1,0,3,1,42,2,5,killed
2,2,26,2,2,1,0,3,1,42,2,5,killed
2,2,26,2,2,1,0,3,1,42,2,5,killed
2,2,26,2,2,1,0,3,1,42,2,5,killed
2,2,26,2,2,1,0,3,1,42,2,5,killed
2,2,26,2,2,1,0,3,1,42,2,5,killed
2,2,30,3,2,1,0,3,1,42,2,5,killed
2,2,29,1,2,1,0,3,1,42,2,5,survived
2,2,26,1,2,1,0,3,1,42,2,5,survived
2,2,30,3,2,1,0,3,1,42,2,5,survived
2,2,30,3,2,1,0,3,1,42,2,5,survived
48,4,29,1,2,1,0,10,1,119,8,82,killed
48,4,29,1,2,1,0,10,1,119,8,82,survived
8,4,26,1,5,1,0,10,1,119,8,82,survived
34,8,30,3,1,0,1,5,0.833,226,25,82,killed
34,8,30,3,1,0,1,5,0.833,226,25,82,killed
4,1,22,2,3,0,1,5,0.833,226,2,82,killed
4,1,22,2,3,0,1,5,0.833,226,2,82,killed
4,1,22,2,3,0,1,5,0.833,226,2,82,killed
4,1,22,2,3,0,1,5,0.833,226,2,82,killed
4,1,22,2,3,0,1,5,0.833,226,2,82,killed
4,1,22,2,3,0,1,5,0.833,226,2,82,killed
4,1,22,2,3,0,1,5,0.833,226,2,82,killed
4,1,22,2,3,0,1,5,0.833,226,2,82,killed
4,1,22,2,3,0,1,5,0.833,226,2,82,killed
4,1,22,2,3,0,1,5,0.833,226,2,82,killed
4,1,22,2,3,0,1,5,0.833,226,2,82,killed
4,1,22,2,3,0,1,5,0.833,226,2,82,killed
4,1,22,2,3,0,1,5,0.833,226,2,82,killed
4,1,22,2,3,0,1,5,0.833,226,2,82,killed
4,1,22,2,3,0,1,5,0.833,226,2,82,killed
4,1,22,2,3,0,1,5,0.833,226,2,82,killed
4,1,22,2,3,0,1,5,0.833,226,2,82,killed
4,1,22,2,3,0,1,5,0.833,226,2,82,killed
4,1,22,2,3,0,1,5,0.833,226,2,82,killed
34,8,30,3,1,0,1,5,0.833,226,25,82,survived
24,1,30,3,2,0,1,5,0.833,226,2,82,survived
4,1,30,2,3,0,1,5,0.833,226,2,82,survived
1,0,2,2,1,0,1,0,0,10,0,1,survived
1,0,2,2,1,0,1,0,0,10,0,1,survived
1,0,2,2,1,0,1,0,0,10,0,1,survived
1,0,2,2,1,0,1,0,0,10,0,1,survived
1,0,2,2,1,0,1,0,0,10,0,1,survived
1,0,2,2,1,0,1,0,0,10,0,1,survived
1,0,2,2,1,0,1,0,0,10,0,1,survived
1,0,2,2,1,0,1,0,0,10,0,1,survived
1,0,2,2,1,0,1,0,0,10,0,1,survived
1,0,2,2,1,0,1,0,0,10,0,1,survived
1,0,2,2,1,0,1,0,0,10,0,1,survived
1,0,2,2,1,0,1,0,0,10,0,1,survived
1,0,2,2,1,0,1,0,0,10,0,1,survived
1,0,2,3,1,0,1,0,0,10,0,1,survived
1,1,2,3,1,0,1,0,0,10,1,3,killed
1,1,2,3,1,0,1,0,0,10,1,3,killed
1,1,2,3,1,0,1,0,0,10,1,3,killed
1,1,2,3,1,0,1,0,0,10,1,3,killed
1,1,2,3,1,0,1,0,0,10,1,3,killed
1,1,3,2,1,0,1,0,0,18,1,6,killed
1,1,3,2,2,0,1,0,0,18,1,6,killed
2,2,6,1,2,0,1,0,0,18,2,6,killed
2,2,17,1,2,0,1,0,0,18,2,6,killed
2,2,17,1,2,0,1,0,0,18,2,6,survived
1,1,2,3,1,0,1,0,0,21,1,4,killed
1,1,2,3,1,0,1,0,0,21,1,4,killed
1,1,2,3,1,0,1,0,0,21,1,4,killed
1,1,2,3,1,0,1,0,0,21,1,4,killed
1,1,2,3,1,0,1,0,0,21,1,4,killed
1,1,2,3,2,0,1,0,0,21,1,4,survived
1,1,2,3,2,0,1,0,0,21,1,4,killed
1,1,6,1,2,0,1,0,0,21,1,4,killed
1,1,17,1,2,0,1,0,0,21,1,4,killed
1,1,1,3,1,1,1,1,0.5,91,1,22,survived
1,1,1,3,1,1,1,1,0.5,91,1,22,killed
3,3,2,3,1,1,1,1,0.5,91,3,22,killed
1,1,2,3,1,1,1,1,0.5,91,1,22,survived
2,2,2,1,2,1,1,1,0.5,91,2,22,killed
1,1,2,4,1,1,1,1,0.5,91,1,22,killed
1,1,2,3,1,1,1,1,0.5,91,1,22,killed
1,1,3,2,1,1,1,1,0.5,91,1,22,killed
1,1,5,3,1,1,1,1,0.5,91,1,22,killed
101,1,6,7,2,1,1,1,0.5,91,1,22,killed
2,2,6,1,2,1,1,1,0.5,91,2,22,killed
1,1,9,3,3,1,1,1,0.5,91,1,22,killed
1,1,10,3,3,1,1,1,0.5,91,1,22,killed
1,1,14,3,1,1,1,1,0.5,91,1,22,killed
1,1,15,3,1,1,1,1,0.5,91,1,22,killed
1,1,16,3,1,1,1,1,0.5,91,1,22,killed
101,1,17,7,2,1,1,1,0.5,91,1,22,killed
1,1,18,2,1,1,1,1,0.5,91,1,22,killed
1,1,20,3,1,1,1,1,0.5,91,1,22,killed
4,1,2,3,1,0,0,0,0,12,1,3,survived
6,1,6,1,2,0,0,0,0,12,1,3,survived
6,1,17,1,2,0,0,0,0,12,1,3,survived
6,1,17,1,2,0,0,0,0,12,1,3,survived
7,4,2,2,7,0,1,0,0,35,4,5,killed
7,4,2,2,7,0,1,0,0,35,4,5,killed
7,4,2,2,7,0,1,0,0,35,4,5,killed
7,4,2,2,7,0,1,0,0,35,4,5,killed
7,4,2,2,7,0,1,0,0,35,4,5,killed
7,4,2,2,7,0,1,0,0,35,4,5,killed
7,4,2,2,7,0,1,0,0,35,4,5,killed
7,4,2,2,7,0,1,0,0,35,4,5,killed
7,4,2,2,7,0,1,0,0,35,4,5,killed
7,4,2,2,7,0,1,0,0,35,4,5,killed
7,4,2,2,7,0,1,0,0,35,4,5,killed
7,4,2,2,7,0,1,0,0,35,4,5,killed
7,4,2,2,7,0,1,0,0,35,4,5,killed
7,4,2,2,7,0,1,0,0,35,4,5,killed
6,4,6,1,7,0,1,0,0,35,4,5,killed
5,3,6,1,7,0,1,0,0,35,3,5,killed
1,1,10,2,7,0,1,0,0,35,1,5,killed
1,1,10,2,7,0,1,0,0,35,1,5,killed
6,4,17,1,7,0,1,0,0,35,4,5,killed
6,4,17,1,7,0,1,0,0,35,4,5,survived
5,3,17,1,7,0,1,0,0,35,3,5,killed
26,15,1,2,16,1,1,1,0.5,206,4,10,killed
58,10,1,2,16,1,1,1,0.5,206,3,10,killed
28,9,1,1,16,1,1,1,0.5,206,2,10,killed
1,1,1,2,16,1,1,1,0.5,206,2,10,killed
26,15,2,2,16,1,1,1,0.5,206,4,10,killed
58,10,2,2,16,1,1,1,0.5,206,3,10,killed
28,9,2,1,16,1,1,1,0.5,206,2,10,killed
1,1,2,2,16,1,1,1,0.5,206,2,10,killed
61,20,3,2,1,1,1,1,0.5,206,8,10,killed
56,18,3,2,1,1,1,1,0.5,206,6,10,killed
2,1,4,2,16,1,1,1,0.5,206,0,10,killed
88,20,6,1,16,1,1,1,0.5,206,9,10,killed
31,17,6,1,16,1,1,1,0.5,206,6,10,killed
202,3,6,1,16,1,1,1,0.5,206,9,10,killed
176,20,6,1,16,1,1,1,0.5,206,9,10,killed
174,20,6,1,16,1,1,1,0.5,206,9,10,killed
58,10,6,1,16,1,1,1,0.5,206,3,10,killed
40,10,6,1,16,1,1,1,0.5,206,3,10,killed
29,10,6,1,16,1,1,1,0.5,206,3,10,killed
28,9,6,1,16,1,1,1,0.5,206,2,10,killed
116,20,6,1,16,1,1,1,0.5,206,9,10,killed
30,19,6,1,16,1,1,1,0.5,206,8,10,killed
70,18,6,1,4,1,1,1,0.5,206,6,10,killed
70,18,6,1,4,1,1,1,0.5,206,6,10,killed
65,18,6,1,4,1,1,1,0.5,206,6,10,killed
65,18,6,1,4,1,1,1,0.5,206,6,10,killed
30,18,6,1,2,1,1,1,0.5,206,6,10,killed
6,3,9,2,5,1,1,1,0.5,206,1,10,killed
6,3,10,2,5,1,1,1,0.5,206,1,10,killed
11,6,14,2,16,1,1,1,0.5,206,0,10,survived
29,18,17,2,1,1,1,1,0.5,206,6,10,killed
20,20,17,1,16,1,1,1,0.5,206,9,10,killed
31,17,17,1,16,1,1,1,0.5,206,6,10,killed
31,17,17,1,16,1,1,1,0.5,206,6,10,survived
58,10,17,1,16,1,1,1,0.5,206,3,10,killed
18,4,17,2,16,1,1,1,0.5,206,2,10,killed
40,10,17,1,16,1,1,1,0.5,206,3,10,killed
11,6,17,2,16,1,1,1,0.5,206,0,10,killed
11,6,17,2,16,1,1,1,0.5,206,0,10,killed
28,9,17,1,16,1,1,1,0.5,206,2,10,killed
26,15,20,2,16,1,1,1,0.5,206,4,10,killed
58,10,20,2,16,1,1,1,0.5,206,3,10,killed
58,10,20,2,16,1,1,1,0.5,206,3,10,killed
28,9,20,2,16,1,1,1,0.5,206,2,10,killed
11,4,20,7,4,1,1,1,0.5,206,2,10,killed
6,4,2,1,5,0,1,0,0,14,5,9,killed
6,4,2,1,5,0,1,0,0,14,5,9,killed
6,4,2,1,5,0,1,0,0,14,5,9,killed
9,5,6,1,5,0,1,0,0,14,9,9,killed
6,4,6,1,5,0,1,0,0,14,5,9,killed
3,3,6,1,5,0,1,0,0,14,3,9,killed
2,2,6,1,5,0,1,0,0,14,2,9,killed
9,5,14,1,5,0,1,0,0,14,9,9,survived
6,4,14,1,5,0,1,0,0,14,5,9,killed
2,2,14,1,5,0,1,0,0,14,2,9,killed
9,5,17,1,5,0,1,0,0,14,9,9,killed
9,5,17,1,5,0,1,0,0,14,9,9,survived
9,5,17,1,5,0,1,0,0,14,9,9,killed
9,5,17,1,5,0,1,0,0,14,9,9,survived
9,5,17,1,5,0,1,0,0,14,9,9,killed
9,5,17,1,5,0,1,0,0,14,9,9,survived
6,4,17,1,5,0,1,0,0,14,5,9,killed
6,4,17,1,5,0,1,0,0,14,5,9,survived
6,4,17,1,5,0,1,0,0,14,5,9,killed
6,4,17,1,5,0,1,0,0,14,5,9,survived
6,4,17,1,5,0,1,0,0,14,5,9,killed
6,4,17,1,5,0,1,0,0,14,5,9,survived
3,3,17,1,5,0,1,0,0,14,3,9,killed
3,3,17,1,5,0,1,0,0,14,3,9,killed
2,2,17,1,5,0,1,0,0,14,2,9,killed
2,2,17,1,5,0,1,0,0,14,2,9,killed
2,2,17,1,5,0,1,0,0,14,2,9,killed
